{"cameraMode":{"drawMode":0,"name":"Shaded","section":"Shading Mode"},"sceneLighting":true,"audioPlay":false,"sceneViewState":{"m_AlwaysRefresh":false,"showFog":true,"showSkybox":true,"showFlares":true,"showImageEffects":true,"showParticleSystems":true,"showVisualEffectGraphs":true,"m_FxEnabled":true},"in2DMode":false,"pivot":{"x":45.95924377441406,"y":-29.244800567626954,"z":4.9619340896606449},"rotation":{"x":0.17322103679180146,"y":0.7093081474304199,"z":-0.18695169687271119,"w":0.6572005748748779},"size":57.376529693603519,"orthographic":false}